Repetition,NumThreads,TimeInterval,ActualBenchTime,ThreadID,NrEnqOps,NrDeqOps,NrFailedEnqOps,NrFailedDeqOps,NrFailedEnqCASOps,NrFailedDeqCASOps,NrFreeListInsertions,MaxFreeListSize
1,2,1,1.000000,0,487399,487399,0,0,34555,13318,487399,1
1,2,1,1.000001,1,499773,499773,0,0,38839,12360,499773,1
2,2,1,1.000001,0,470768,470768,0,0,34676,5490,470768,1
2,2,1,1.000001,1,477012,477012,0,0,27497,5233,477012,1
